Ground_Name,Ground_ID,Bias
Chennai,58008,0.3
Jaipur,58162,0.4
Lucknow,1070094,0.4
Mohali,57991,0.425
Pune,545380,0.5
Visakhapatnam,58547,0.5
Hyderabad,58142,0.5
Dharamsala,58056,0.55
Kolkata,57980,0.7250000000000001
Guwahati,680295,0.8
Delhi,58040,0.825
Ahmedabad,57851,0.8500000000000001
Mumbai,58324,0.9000000000000001
Bengaluru,57897,1.0
